
CREATE DATABASE IF NOT EXISTS campus DEFAULT CHARACTER SET utf8mb4 COLLATE utf8mb4_general_ci;

USE campus;

SET NAMES utf8mb4;

/*!40101 SET @OLD_CHARACTER_SET_CLIENT=@@CHARACTER_SET_CLIENT */;
/*!40101 SET @OLD_CHARACTER_SET_RESULTS=@@CHARACTER_SET_RESULTS */;
/*!40101 SET @OLD_COLLATION_CONNECTION=@@COLLATION_CONNECTION */;
/*!50503 SET NAMES utf8mb4 */;
/*!40103 SET @OLD_TIME_ZONE=@@TIME_ZONE */;
/*!40103 SET TIME_ZONE='+00:00' */;
/*!40014 SET @OLD_UNIQUE_CHECKS=@@UNIQUE_CHECKS, UNIQUE_CHECKS=0 */;
/*!40014 SET @OLD_FOREIGN_KEY_CHECKS=@@FOREIGN_KEY_CHECKS, FOREIGN_KEY_CHECKS=0 */;
/*!40101 SET @OLD_SQL_MODE=@@SQL_MODE, SQL_MODE='NO_AUTO_VALUE_ON_ZERO' */;
/*!40111 SET @OLD_SQL_NOTES=@@SQL_NOTES, SQL_NOTES=0 */;
DROP TABLE IF EXISTS `classroom`;
/*!40101 SET @saved_cs_client     = @@character_set_client */;
/*!50503 SET character_set_client = utf8mb4 */;
CREATE TABLE `classroom` (
  `id` bigint NOT NULL AUTO_INCREMENT COMMENT '主键ID',
  `name` varchar(50) NOT NULL COMMENT '教室名称(如A101)',
  `building` varchar(50) DEFAULT NULL COMMENT '所在教学楼',
  `capacity` int NOT NULL DEFAULT '60' COMMENT '容纳人数',
  `type` varchar(20) NOT NULL DEFAULT 'lecture' COMMENT '类型: lecture-普通教室 lab-实验室 multimedia-多媒体',
  `facilities` varchar(255) DEFAULT NULL COMMENT '设施描述(投影仪,空调等)',
  `status` int NOT NULL DEFAULT '1' COMMENT '状态: 0-停用 1-启用',
  `create_time` datetime NOT NULL DEFAULT CURRENT_TIMESTAMP,
  `update_time` datetime NOT NULL DEFAULT CURRENT_TIMESTAMP ON UPDATE CURRENT_TIMESTAMP,
  `deleted` int NOT NULL DEFAULT '0',
  PRIMARY KEY (`id`),
  UNIQUE KEY `uk_name` (`name`)
) ENGINE=InnoDB AUTO_INCREMENT=17 DEFAULT CHARSET=utf8mb4 COLLATE=utf8mb4_0900_ai_ci COMMENT='教室表';
/*!40101 SET character_set_client = @saved_cs_client */;

LOCK TABLES `classroom` WRITE;
/*!40000 ALTER TABLE `classroom` DISABLE KEYS */;
INSERT INTO `classroom` VALUES (1,'A101','A教学楼',60,'多媒体教室','投影仪,音响,电脑',1,'2026-04-22 00:45:52','2026-04-22 00:45:52',0),(2,'A102','A教学楼',60,'多媒体教室','投影仪,音响,电脑',1,'2026-04-22 00:45:52','2026-04-22 00:45:52',0),(3,'A201','A教学楼',120,'阶梯教室','投影仪,音响,麦克风',1,'2026-04-22 00:45:52','2026-04-22 00:45:52',0),(4,'A202','A教学楼',120,'阶梯教室','投影仪,音响,麦克风',1,'2026-04-22 00:45:52','2026-04-22 00:45:52',0),(5,'A301','A教学楼',40,'普通教室','黑板,粉笔',1,'2026-04-22 00:45:52','2026-04-22 00:45:52',0),(6,'B101','B教学楼',50,'多媒体教室','投影仪,音响,电脑',1,'2026-04-22 00:45:52','2026-04-22 00:45:52',0),(7,'B102','B教学楼',50,'多媒体教室','投影仪,音响,电脑',1,'2026-04-22 00:45:52','2026-04-22 00:45:52',0),(8,'B201','B教学楼',80,'阶梯教室','投影仪,音响,麦克风',1,'2026-04-22 00:45:52','2026-04-22 00:45:52',0),(9,'B301','B教学楼',50,'多媒体教室','投影仪,音响,电脑',1,'2026-04-22 00:45:52','2026-04-22 00:45:52',0),(10,'C101','C实验楼',40,'实验室','电脑60台,网络设备',1,'2026-04-22 00:45:52','2026-04-22 00:45:52',0),(11,'C102','C实验楼',40,'实验室','电脑60台,网络设备',1,'2026-04-22 00:45:52','2026-04-22 00:45:52',0),(12,'C103','C实验楼',30,'实验室','实验台,示波器,信号发生器',1,'2026-04-22 00:45:52','2026-04-22 00:45:52',0),(13,'C201','C实验楼',40,'实验室','电脑60台,深度学习GPU',1,'2026-04-22 00:45:52','2026-04-22 00:45:52',0),(14,'C202','C实验楼',200,'报告厅','投影仪,音响,同声传译',1,'2026-04-22 00:45:52','2026-04-22 00:45:52',0),(15,'D101','D教学楼',30,'普通教室','黑板,粉笔',0,'2026-04-22 00:45:52','2026-04-22 00:45:52',0),(16,'D102','D教学楼',45,'多媒体教室','投影仪,音响',1,'2026-04-22 00:45:52','2026-04-22 00:45:52',0);
/*!40000 ALTER TABLE `classroom` ENABLE KEYS */;
UNLOCK TABLES;
DROP TABLE IF EXISTS `course`;
/*!40101 SET @saved_cs_client     = @@character_set_client */;
/*!50503 SET character_set_client = utf8mb4 */;
CREATE TABLE `course` (
  `id` bigint NOT NULL AUTO_INCREMENT COMMENT '主键ID',
  `code` varchar(30) NOT NULL COMMENT '课程编号',
  `name` varchar(100) NOT NULL COMMENT '课程名称',
  `teacher_id` bigint NOT NULL COMMENT '授课教师ID',
  `credit` decimal(3,1) NOT NULL DEFAULT '0.0' COMMENT '学分',
  `hours` int NOT NULL DEFAULT '0' COMMENT '学时',
  `semester` varchar(20) NOT NULL COMMENT '学期(如2025-2026-1)',
  `weekday` int NOT NULL COMMENT '星期几(1-7)',
  `start_section` int NOT NULL COMMENT '开始节次(1-12)',
  `end_section` int NOT NULL COMMENT '结束节次(1-12)',
  `location` varchar(100) DEFAULT NULL COMMENT '上课地点',
  `max_students` int NOT NULL DEFAULT '100' COMMENT '最大选课人数',
  `current_count` int NOT NULL DEFAULT '0' COMMENT '当前已选人数',
  `version` int NOT NULL DEFAULT '0' COMMENT '乐观锁版本号',
  `description` text COMMENT '课程描述',
  `course_type` varchar(20) NOT NULL DEFAULT 'required' COMMENT '课程类型: required=必修, elective=选修',
  `status` int NOT NULL DEFAULT '1' COMMENT '状态: 0-停用 1-启用',
  `create_time` datetime NOT NULL DEFAULT CURRENT_TIMESTAMP COMMENT '创建时间',
  `update_time` datetime NOT NULL DEFAULT CURRENT_TIMESTAMP ON UPDATE CURRENT_TIMESTAMP COMMENT '更新时间',
  `deleted` int NOT NULL DEFAULT '0' COMMENT '逻辑删除',
  PRIMARY KEY (`id`),
  UNIQUE KEY `uk_code` (`code`),
  KEY `idx_teacher_id` (`teacher_id`),
  KEY `idx_semester` (`semester`),
  KEY `idx_weekday_section` (`weekday`,`start_section`,`end_section`)
) ENGINE=InnoDB AUTO_INCREMENT=24 DEFAULT CHARSET=utf8mb4 COLLATE=utf8mb4_0900_ai_ci COMMENT='课程表';
/*!40101 SET character_set_client = @saved_cs_client */;

LOCK TABLES `course` WRITE;
/*!40000 ALTER TABLE `course` DISABLE KEYS */;
INSERT INTO `course` VALUES (1,'CS1001','Java程序设计',4,4.0,64,'2026-2027-1',1,1,2,'A101',60,12,1,'Java语言基础与面向对象编程','必修',1,'2026-04-22 00:45:52','2026-04-22 01:12:38',0),(2,'CS1002','数据结构',4,4.0,64,'2026-2027-1',1,3,4,'A201',120,14,1,'线性表、树、图等数据结构','必修',1,'2026-04-22 00:45:52','2026-04-22 01:12:38',0),(3,'CS1003','计算机网络',8,3.0,48,'2026-2027-1',2,1,2,'B101',50,6,1,'TCP/IP协议与网络体系结构','必修',1,'2026-04-22 00:45:52','2026-04-22 01:12:38',0),(4,'CS1004','操作系统',4,3.5,56,'2026-2027-1',2,3,4,'A102',60,4,1,'进程管理、内存管理、文件系统','必修',1,'2026-04-22 00:45:52','2026-04-22 01:00:36',0),(5,'CS1005','数据库原理',8,3.0,48,'2026-2027-1',3,1,2,'A201',100,5,1,'关系数据库理论与SQL','必修',1,'2026-04-22 00:45:52','2026-04-22 01:12:38',0),(6,'CS1006','人工智能导论',10,2.0,32,'2026-2027-1',3,3,4,'B201',80,8,1,'AI基本概念与经典算法','选修',1,'2026-04-22 00:45:52','2026-04-22 01:12:38',0),(7,'CS1007','Web前端开发',4,2.0,32,'2026-2027-1',4,1,2,'C101',40,4,1,'HTML/CSS/JavaScript前端技术','选修',1,'2026-04-22 00:45:52','2026-04-22 01:12:38',0),(8,'CS1008','Python数据分析',10,2.0,32,'2026-2027-1',4,3,4,'C201',40,5,1,'Python数据处理与可视化','选修',1,'2026-04-22 00:45:52','2026-04-22 01:12:38',0),(9,'CS1009','软件工程',4,3.0,48,'2026-2027-1',5,1,2,'A102',60,3,1,'软件开发方法与项目管理','必修',1,'2026-04-22 00:45:52','2026-04-22 05:25:39',0),(10,'CS1010','网络安全',8,2.0,32,'2026-2027-1',5,3,4,'C102',40,2,2,'网络攻防与安全防护技术','选修',1,'2026-04-22 00:45:52','2026-04-22 05:25:39',0),(11,'MA1001','高等数学A',6,5.0,80,'2026-2027-1',1,1,2,'A202',120,23,1,'微积分、级数与常微分方程','必修',1,'2026-04-22 00:45:52','2026-04-22 01:12:38',0),(12,'MA1002','线性代数',6,3.0,48,'2026-2027-1',3,3,4,'A202',120,14,1,'矩阵理论与线性方程组','必修',1,'2026-04-22 00:45:52','2026-04-22 01:12:38',0),(13,'EN1001','大学英语(一)',11,3.0,48,'2026-2027-1',2,1,2,'B102',50,12,2,'综合英语听说读写训练','必修',1,'2026-04-22 00:45:52','2026-04-22 02:21:56',0),(14,'PH1001','大学物理',9,4.0,64,'2026-2027-1',4,1,2,'A202',120,4,1,'力学、热学、电磁学基础','必修',1,'2026-04-22 00:45:52','2026-04-22 01:12:38',0),(15,'CS1011','区块链技术',8,1.0,16,'2026-2027-1',5,5,5,'C103',3,1,1,'区块链原理与应用(满员测试)','选修',1,'2026-04-22 00:45:52','2026-04-22 07:03:27',0),(16,'CS1012','学术讲座',10,1.0,16,'2026-2027-1',5,7,7,'A301',40,1,1,'前沿技术学术讲座系列','选修',1,'2026-04-22 00:45:52','2026-04-22 05:25:39',0),(17,'CS1013','已停开课程',4,2.0,32,'2026-2027-1',3,5,6,'B101',50,0,1,'因教师变动暂停开设','选修',0,'2026-04-22 00:45:52','2026-04-22 01:00:36',0),(18,'CS2001','Java Web开发',4,3.0,48,'2026-2027-2',1,1,2,'C101',40,0,1,'Spring Boot后端开发','必修',1,'2026-04-22 00:45:52','2026-04-22 01:00:36',0),(19,'CS2002','算法设计与分析',4,3.0,48,'2026-2027-2',2,3,4,'A201',100,0,1,'贪心、动态规划、回溯等算法','必修',1,'2026-04-22 00:45:52','2026-04-22 01:00:36',0),(20,'CS2003','机器学习',10,3.0,48,'2026-2027-2',3,1,2,'C201',40,0,2,'监督学习与无监督学习方法','选修',1,'2026-04-22 00:45:52','2026-04-22 02:44:47',0),(21,'MA2001','概率论与数理统计',6,3.0,48,'2026-2027-2',1,3,4,'A202',120,0,1,'概率论基础与统计推断','必修',1,'2026-04-22 00:45:52','2026-04-22 01:00:36',0),(22,'EN2001','大学英语(二)',11,3.0,48,'2026-2027-2',2,1,2,'B102',50,0,1,'进阶英语综合训练','必修',1,'2026-04-22 00:45:52','2026-04-22 01:00:36',0),(23,'CS1014','毕业设计',4,6.0,96,'2026-2027-2',1,1,4,'A101',10,0,1,'本科毕业设计与论文','必修',1,'2026-04-22 00:45:52','2026-04-22 01:00:36',0);
/*!40000 ALTER TABLE `course` ENABLE KEYS */;
UNLOCK TABLES;
DROP TABLE IF EXISTS `course_selection`;
/*!40101 SET @saved_cs_client     = @@character_set_client */;
/*!50503 SET character_set_client = utf8mb4 */;
CREATE TABLE `course_selection` (
  `id` bigint NOT NULL AUTO_INCREMENT COMMENT '主键ID',
  `student_id` bigint NOT NULL COMMENT '学生ID',
  `course_id` bigint NOT NULL COMMENT '课程ID',
  `status` int NOT NULL DEFAULT '1' COMMENT '状态: 0-已退选 1-在选',
  `create_time` datetime NOT NULL DEFAULT CURRENT_TIMESTAMP COMMENT '创建时间',
  `update_time` datetime NOT NULL DEFAULT CURRENT_TIMESTAMP ON UPDATE CURRENT_TIMESTAMP COMMENT '更新时间',
  `deleted` int NOT NULL DEFAULT '0' COMMENT '逻辑删除',
  PRIMARY KEY (`id`),
  UNIQUE KEY `uk_student_course` (`student_id`,`course_id`),
  KEY `idx_student_id` (`student_id`),
  KEY `idx_course_id` (`course_id`)
) ENGINE=InnoDB AUTO_INCREMENT=220 DEFAULT CHARSET=utf8mb4 COLLATE=utf8mb4_0900_ai_ci COMMENT='选课记录表';
/*!40101 SET character_set_client = @saved_cs_client */;

LOCK TABLES `course_selection` WRITE;
/*!40000 ALTER TABLE `course_selection` DISABLE KEYS */;
INSERT INTO `course_selection` VALUES (1,12,1,1,'2026-04-22 00:45:52','2026-04-22 00:45:52',0),(2,12,2,1,'2026-04-22 00:45:52','2026-04-22 00:45:52',0),(3,12,4,1,'2026-04-22 00:45:52','2026-04-22 00:45:52',0),(4,12,9,1,'2026-04-22 00:45:52','2026-04-22 00:45:52',0),(5,12,11,1,'2026-04-22 00:45:52','2026-04-22 00:45:52',0),(6,12,12,1,'2026-04-22 00:45:52','2026-04-22 00:45:52',0),(7,13,1,1,'2026-04-22 00:45:52','2026-04-22 00:45:52',0),(8,13,2,1,'2026-04-22 00:45:52','2026-04-22 00:45:52',0),(9,13,4,1,'2026-04-22 00:45:52','2026-04-22 00:45:52',0),(10,13,9,1,'2026-04-22 00:45:52','2026-04-22 00:45:52',0),(11,13,11,1,'2026-04-22 00:45:52','2026-04-22 00:45:52',0),(12,13,12,1,'2026-04-22 00:45:52','2026-04-22 00:45:52',0),(13,14,1,1,'2026-04-22 00:45:52','2026-04-22 00:45:52',0),(14,14,2,1,'2026-04-22 00:45:52','2026-04-22 00:45:52',0),(15,14,4,1,'2026-04-22 00:45:52','2026-04-22 00:45:52',0),(17,14,11,1,'2026-04-22 00:45:52','2026-04-22 00:45:52',0),(18,14,13,1,'2026-04-22 00:45:52','2026-04-22 00:45:52',0),(19,15,1,1,'2026-04-22 00:45:52','2026-04-22 00:45:52',0),(20,15,2,1,'2026-04-22 00:45:52','2026-04-22 00:45:52',0),(21,15,4,1,'2026-04-22 00:45:52','2026-04-22 00:45:52',0),(23,15,11,1,'2026-04-22 00:45:52','2026-04-22 00:45:52',0),(24,15,13,1,'2026-04-22 00:45:52','2026-04-22 00:45:52',0),(25,16,1,1,'2026-04-22 00:45:52','2026-04-22 00:45:52',0),(26,16,2,1,'2026-04-22 00:45:52','2026-04-22 00:45:52',0),(27,16,6,1,'2026-04-22 00:45:52','2026-04-22 00:45:52',0),(28,16,8,1,'2026-04-22 00:45:52','2026-04-22 00:45:52',0),(29,16,11,1,'2026-04-22 00:45:52','2026-04-22 00:45:52',0),(30,16,12,1,'2026-04-22 00:45:52','2026-04-22 00:45:52',0),(31,17,1,1,'2026-04-22 00:45:52','2026-04-22 00:45:52',0),(32,17,2,1,'2026-04-22 00:45:52','2026-04-22 00:45:52',0),(33,17,6,1,'2026-04-22 00:45:52','2026-04-22 00:45:52',0),(34,17,8,1,'2026-04-22 00:45:52','2026-04-22 00:45:52',0),(35,17,11,1,'2026-04-22 00:45:52','2026-04-22 00:45:52',0),(36,17,12,1,'2026-04-22 00:45:52','2026-04-22 00:45:52',0),(37,18,3,1,'2026-04-22 00:45:52','2026-04-22 00:45:52',0),(38,18,5,1,'2026-04-22 00:45:52','2026-04-22 00:45:52',0),(40,18,11,1,'2026-04-22 00:45:52','2026-04-22 00:45:52',0),(41,18,12,1,'2026-04-22 00:45:52','2026-04-22 00:45:52',0),(42,19,3,1,'2026-04-22 00:45:52','2026-04-22 00:45:52',0),(43,19,5,1,'2026-04-22 00:45:52','2026-04-22 00:45:52',0),(45,19,11,1,'2026-04-22 00:45:52','2026-04-22 00:45:52',0),(46,19,12,1,'2026-04-22 00:45:52','2026-04-22 00:45:52',0),(47,20,11,1,'2026-04-22 00:45:52','2026-04-22 00:45:52',0),(48,20,12,1,'2026-04-22 00:45:52','2026-04-22 00:45:52',0),(49,20,2,1,'2026-04-22 00:45:52','2026-04-22 00:45:52',0),(50,21,11,1,'2026-04-22 00:45:52','2026-04-22 00:45:52',0),(51,21,12,1,'2026-04-22 00:45:52','2026-04-22 00:45:52',0),(52,21,2,1,'2026-04-22 00:45:52','2026-04-22 00:45:52',0),(53,22,13,1,'2026-04-22 00:45:52','2026-04-22 00:45:52',0),(54,22,11,1,'2026-04-22 00:45:52','2026-04-22 00:45:52',0),(55,22,12,1,'2026-04-22 00:45:52','2026-04-22 00:45:52',0),(56,23,13,1,'2026-04-22 00:45:52','2026-04-22 00:45:52',0),(57,23,11,1,'2026-04-22 00:45:52','2026-04-22 00:45:52',0),(58,23,12,1,'2026-04-22 00:45:52','2026-04-22 00:45:52',0),(59,28,14,1,'2026-04-22 00:45:52','2026-04-22 00:45:52',0),(60,28,11,1,'2026-04-22 00:45:52','2026-04-22 00:45:52',0),(61,28,12,1,'2026-04-22 00:45:52','2026-04-22 00:45:52',0),(62,29,14,1,'2026-04-22 00:45:52','2026-04-22 00:45:52',0),(63,29,11,1,'2026-04-22 00:45:52','2026-04-22 00:45:52',0),(64,29,12,1,'2026-04-22 00:45:52','2026-04-22 00:45:52',0),(70,12,16,1,'2026-04-22 00:45:52','2026-04-22 00:45:52',0),(72,14,7,0,'2026-04-22 00:45:52','2026-04-22 00:45:52',0),(73,15,7,0,'2026-04-22 00:45:52','2026-04-22 00:45:52',0),(74,24,1,1,'2026-04-22 00:45:52','2026-04-22 00:45:52',0),(75,24,2,1,'2026-04-22 00:45:52','2026-04-22 00:45:52',0),(76,25,1,1,'2026-04-22 00:45:52','2026-04-22 00:45:52',0),(77,25,2,1,'2026-04-22 00:45:52','2026-04-22 00:45:52',0),(78,26,6,1,'2026-04-22 00:45:52','2026-04-22 00:45:52',0),(79,26,8,1,'2026-04-22 00:45:52','2026-04-22 00:45:52',0),(80,27,6,1,'2026-04-22 00:45:52','2026-04-22 00:45:52',0),(81,27,8,1,'2026-04-22 00:45:52','2026-04-22 00:45:52',0),(82,32,1,1,'2026-04-22 01:11:50','2026-04-22 01:11:50',0),(83,32,2,1,'2026-04-22 01:11:50','2026-04-22 01:11:50',0),(84,32,11,1,'2026-04-22 01:11:50','2026-04-22 01:11:50',0),(85,32,13,1,'2026-04-22 01:11:50','2026-04-22 01:11:50',0),(86,32,6,1,'2026-04-22 01:11:50','2026-04-22 01:11:50',0),(87,33,1,1,'2026-04-22 01:11:50','2026-04-22 01:11:50',0),(88,33,2,1,'2026-04-22 01:11:50','2026-04-22 01:11:50',0),(89,33,11,1,'2026-04-22 01:11:50','2026-04-22 01:11:50',0),(90,33,13,1,'2026-04-22 01:11:50','2026-04-22 01:11:50',0),(91,33,7,1,'2026-04-22 01:11:50','2026-04-22 01:11:50',0),(92,34,3,1,'2026-04-22 01:11:50','2026-04-22 01:11:50',0),(93,34,5,1,'2026-04-22 01:11:50','2026-04-22 01:11:50',0),(94,34,11,1,'2026-04-22 01:11:50','2026-04-22 01:11:50',0),(95,34,6,1,'2026-04-22 01:11:50','2026-04-22 01:11:50',0),(96,34,8,1,'2026-04-22 01:11:50','2026-04-22 01:11:50',0),(97,35,3,1,'2026-04-22 01:11:50','2026-04-22 01:11:50',0),(98,35,5,1,'2026-04-22 01:11:50','2026-04-22 01:11:50',0),(99,35,12,1,'2026-04-22 01:11:50','2026-04-22 01:11:50',0),(100,35,6,1,'2026-04-22 01:11:50','2026-04-22 01:11:50',0),(101,35,10,1,'2026-04-22 01:11:50','2026-04-22 01:11:50',0),(102,36,3,1,'2026-04-22 01:11:50','2026-04-22 01:11:50',0),(103,36,9,1,'2026-04-22 01:11:50','2026-04-22 01:11:50',0),(104,36,11,1,'2026-04-22 01:11:50','2026-04-22 01:11:50',0),(105,36,13,1,'2026-04-22 01:11:50','2026-04-22 01:11:50',0),(106,36,7,1,'2026-04-22 01:11:50','2026-04-22 01:11:50',0),(107,37,11,1,'2026-04-22 01:11:50','2026-04-22 01:11:50',0),(108,37,12,1,'2026-04-22 01:11:50','2026-04-22 01:11:50',0),(109,37,14,1,'2026-04-22 01:11:50','2026-04-22 01:11:50',0),(110,37,13,1,'2026-04-22 01:11:50','2026-04-22 01:11:50',0),(111,38,1,1,'2026-04-22 01:11:50','2026-04-22 01:11:50',0),(112,38,2,1,'2026-04-22 01:11:50','2026-04-22 01:11:50',0),(113,38,11,1,'2026-04-22 01:11:50','2026-04-22 01:11:50',0),(114,38,13,1,'2026-04-22 01:11:50','2026-04-22 01:11:50',0),(115,39,1,1,'2026-04-22 01:11:50','2026-04-22 01:11:50',0),(116,39,2,1,'2026-04-22 01:11:50','2026-04-22 01:11:50',0),(117,39,11,1,'2026-04-22 01:11:50','2026-04-22 01:11:50',0),(118,39,13,1,'2026-04-22 01:11:50','2026-04-22 01:11:50',0),(119,40,3,1,'2026-04-22 01:11:50','2026-04-22 01:11:50',0),(120,40,5,1,'2026-04-22 01:11:50','2026-04-22 01:11:50',0),(121,40,11,1,'2026-04-22 01:11:50','2026-04-22 01:11:50',0),(122,40,6,1,'2026-04-22 01:11:50','2026-04-22 01:11:50',0),(123,41,13,1,'2026-04-22 01:11:50','2026-04-22 01:11:50',0),(124,41,11,1,'2026-04-22 01:11:50','2026-04-22 01:11:50',0),(125,41,14,1,'2026-04-22 01:11:50','2026-04-22 01:11:50',0),(126,12,10,1,'2026-04-22 02:16:17','2026-04-22 02:16:17',0),(127,12,13,1,'2026-04-22 02:21:57','2026-04-22 02:21:57',0),(128,16,20,0,'2026-04-22 02:44:27','2026-04-22 02:44:27',0),(219,14,15,1,'2026-04-22 07:03:27','2026-04-22 07:03:27',0);
/*!40000 ALTER TABLE `course_selection` ENABLE KEYS */;
UNLOCK TABLES;
DROP TABLE IF EXISTS `dict_data`;
/*!40101 SET @saved_cs_client     = @@character_set_client */;
/*!50503 SET character_set_client = utf8mb4 */;
CREATE TABLE `dict_data` (
  `id` bigint NOT NULL AUTO_INCREMENT COMMENT '主键ID',
  `type_id` bigint NOT NULL COMMENT '字典类型ID',
  `data_label` varchar(100) NOT NULL COMMENT '数据标签',
  `data_value` varchar(100) NOT NULL COMMENT '数据值',
  `sort` int NOT NULL DEFAULT '0' COMMENT '排序',
  `status` int NOT NULL DEFAULT '1' COMMENT '状态: 0-禁用 1-启用',
  `remark` varchar(500) DEFAULT NULL COMMENT '备注',
  `create_time` datetime NOT NULL DEFAULT CURRENT_TIMESTAMP COMMENT '创建时间',
  `update_time` datetime NOT NULL DEFAULT CURRENT_TIMESTAMP ON UPDATE CURRENT_TIMESTAMP COMMENT '更新时间',
  `deleted` int NOT NULL DEFAULT '0' COMMENT '逻辑删除',
  PRIMARY KEY (`id`),
  KEY `idx_type_id` (`type_id`)
) ENGINE=InnoDB AUTO_INCREMENT=31 DEFAULT CHARSET=utf8mb4 COLLATE=utf8mb4_0900_ai_ci COMMENT='字典数据表';
/*!40101 SET character_set_client = @saved_cs_client */;

LOCK TABLES `dict_data` WRITE;
/*!40000 ALTER TABLE `dict_data` DISABLE KEYS */;
INSERT INTO `dict_data` VALUES (1,1,'必修','必修',1,1,'专业必修课','2026-04-22 00:45:52','2026-04-22 00:45:52',0),(2,1,'选修','选修',2,1,'专业选修课','2026-04-22 00:45:52','2026-04-22 00:45:52',0),(3,2,'待处理','0',1,1,NULL,'2026-04-22 00:45:52','2026-04-22 00:45:52',0),(4,2,'处理中','1',2,1,NULL,'2026-04-22 00:45:52','2026-04-22 00:45:52',0),(5,2,'已完成','2',3,1,NULL,'2026-04-22 00:45:52','2026-04-22 00:45:52',0),(6,2,'已关闭','3',4,1,NULL,'2026-04-22 00:45:52','2026-04-22 00:45:52',0),(7,3,'电气故障','电气故障',1,1,NULL,'2026-04-22 00:45:52','2026-04-22 00:45:52',0),(8,3,'水管问题','水管问题',2,1,NULL,'2026-04-22 00:45:52','2026-04-22 00:45:52',0),(9,3,'家具损坏','家具损坏',3,1,NULL,'2026-04-22 00:45:52','2026-04-22 00:45:52',0),(10,3,'网络故障','网络故障',4,1,NULL,'2026-04-22 00:45:52','2026-04-22 00:45:52',0),(11,3,'其他','其他',5,1,NULL,'2026-04-22 00:45:52','2026-04-22 00:45:52',0),(12,4,'教务','academic',1,1,NULL,'2026-04-22 00:45:52','2026-04-22 00:45:52',0),(13,4,'活动','activity',2,1,NULL,'2026-04-22 00:45:52','2026-04-22 00:45:52',0),(14,4,'紧急','urgent',3,1,NULL,'2026-04-22 00:45:52','2026-04-22 00:45:52',0),(15,4,'普通','general',4,1,NULL,'2026-04-22 00:45:52','2026-04-22 00:45:52',0),(16,5,'高','high',1,1,NULL,'2026-04-22 00:45:52','2026-04-22 00:45:52',0),(17,5,'中','medium',2,1,NULL,'2026-04-22 00:45:52','2026-04-22 00:45:52',0),(18,5,'低','low',3,1,NULL,'2026-04-22 00:45:52','2026-04-22 00:45:52',0),(19,6,'多媒体教室','多媒体教室',1,1,NULL,'2026-04-22 00:45:52','2026-04-22 00:45:52',0),(20,6,'阶梯教室','阶梯教室',2,1,NULL,'2026-04-22 00:45:52','2026-04-22 00:45:52',0),(21,6,'普通教室','普通教室',3,1,NULL,'2026-04-22 00:45:52','2026-04-22 00:45:52',0),(22,6,'实验室','实验室',4,1,NULL,'2026-04-22 00:45:52','2026-04-22 00:45:52',0),(23,6,'报告厅','报告厅',5,1,NULL,'2026-04-22 00:45:52','2026-04-22 00:45:52',0),(24,7,'启用','1',1,1,NULL,'2026-04-22 00:45:52','2026-04-22 00:45:52',0),(25,7,'禁用','0',2,1,NULL,'2026-04-22 00:45:52','2026-04-22 00:45:52',0),(26,8,'优秀','A',1,1,'90-100','2026-04-22 00:45:52','2026-04-22 00:45:52',0),(27,8,'良好','B',2,1,'80-89','2026-04-22 00:45:52','2026-04-22 00:45:52',0),(28,8,'中等','C',3,1,'70-79','2026-04-22 00:45:52','2026-04-22 00:45:52',0),(29,8,'及格','D',4,1,'60-69','2026-04-22 00:45:52','2026-04-22 00:45:52',0),(30,8,'不及格','F',5,1,'0-59','2026-04-22 00:45:52','2026-04-22 00:45:52',0);
/*!40000 ALTER TABLE `dict_data` ENABLE KEYS */;
UNLOCK TABLES;
DROP TABLE IF EXISTS `dict_type`;
/*!40101 SET @saved_cs_client     = @@character_set_client */;
/*!50503 SET character_set_client = utf8mb4 */;
CREATE TABLE `dict_type` (
  `id` bigint NOT NULL AUTO_INCREMENT COMMENT '主键ID',
  `type_code` varchar(50) NOT NULL COMMENT '类型编码',
  `type_name` varchar(100) NOT NULL COMMENT '类型名称',
  `status` int NOT NULL DEFAULT '1' COMMENT '状态: 0-禁用 1-启用',
  `remark` varchar(500) DEFAULT NULL COMMENT '备注',
  `create_time` datetime NOT NULL DEFAULT CURRENT_TIMESTAMP COMMENT '创建时间',
  `update_time` datetime NOT NULL DEFAULT CURRENT_TIMESTAMP ON UPDATE CURRENT_TIMESTAMP COMMENT '更新时间',
  `deleted` int NOT NULL DEFAULT '0' COMMENT '逻辑删除',
  PRIMARY KEY (`id`),
  UNIQUE KEY `uk_type_code` (`type_code`)
) ENGINE=InnoDB AUTO_INCREMENT=9 DEFAULT CHARSET=utf8mb4 COLLATE=utf8mb4_0900_ai_ci COMMENT='字典类型表';
/*!40101 SET character_set_client = @saved_cs_client */;

LOCK TABLES `dict_type` WRITE;
/*!40000 ALTER TABLE `dict_type` DISABLE KEYS */;
INSERT INTO `dict_type` VALUES (1,'course_type','课程类型',1,'课程分类：必修/选修','2026-04-22 00:45:52','2026-04-22 00:45:52',0),(2,'repair_status','工单状态',1,'报修工单处理状态','2026-04-22 00:45:52','2026-04-22 00:45:52',0),(3,'repair_category','报修分类',1,'报修工单分类','2026-04-22 00:45:52','2026-04-22 00:45:52',0),(4,'notice_category','通知分类',1,'通知公告分类','2026-04-22 00:45:52','2026-04-22 00:45:52',0),(5,'urgency_level','紧急程度',1,'工单紧急程度等级','2026-04-22 00:45:52','2026-04-22 00:45:52',0),(6,'classroom_type','教室类型',1,'教室用途分类','2026-04-22 00:45:52','2026-04-22 00:45:52',0),(7,'user_status','用户状态',1,'用户账号状态','2026-04-22 00:45:52','2026-04-22 00:45:52',0),(8,'score_grade','成绩等级',1,'成绩等级划分','2026-04-22 00:45:52','2026-04-22 00:45:52',0);
/*!40000 ALTER TABLE `dict_type` ENABLE KEYS */;
UNLOCK TABLES;
DROP TABLE IF EXISTS `homework`;
/*!40101 SET @saved_cs_client     = @@character_set_client */;
/*!50503 SET character_set_client = utf8mb4 */;
CREATE TABLE `homework` (
  `id` bigint NOT NULL AUTO_INCREMENT COMMENT '主键ID',
  `course_id` bigint NOT NULL COMMENT '课程ID',
  `teacher_id` bigint NOT NULL COMMENT '发布教师ID',
  `title` varchar(200) NOT NULL COMMENT '作业标题',
  `description` text COMMENT '作业描述/要求',
  `deadline` datetime NOT NULL COMMENT '截止时间',
  `attachment_id` bigint DEFAULT NULL COMMENT '附件文件ID',
  `total_score` decimal(5,2) NOT NULL DEFAULT '100.00' COMMENT '满分分值',
  `status` int NOT NULL DEFAULT '1' COMMENT '状态: 0-草稿 1-已发布 2-已截止',
  `submit_count` int NOT NULL DEFAULT '0' COMMENT '提交人数',
  `create_time` datetime NOT NULL DEFAULT CURRENT_TIMESTAMP COMMENT '创建时间',
  `update_time` datetime NOT NULL DEFAULT CURRENT_TIMESTAMP ON UPDATE CURRENT_TIMESTAMP COMMENT '更新时间',
  `deleted` int NOT NULL DEFAULT '0' COMMENT '逻辑删除',
  PRIMARY KEY (`id`),
  KEY `idx_course_id` (`course_id`),
  KEY `idx_teacher_id` (`teacher_id`),
  KEY `idx_deadline` (`deadline`)
) ENGINE=InnoDB AUTO_INCREMENT=14 DEFAULT CHARSET=utf8mb4 COLLATE=utf8mb4_0900_ai_ci COMMENT='作业表';
/*!40101 SET character_set_client = @saved_cs_client */;

LOCK TABLES `homework` WRITE;
/*!40000 ALTER TABLE `homework` DISABLE KEYS */;
INSERT INTO `homework` VALUES (1,1,4,'Java基础语法练习','完成教材第1-3章课后习题，编写3个Java程序','2026-03-15 23:59:59',NULL,100.00,2,8,'2026-04-22 00:45:52','2026-04-22 00:45:52',0),(2,1,4,'面向对象编程作业','设计一个学生管理系统类图并实现核心类','2026-04-01 23:59:59',NULL,100.00,1,5,'2026-04-22 00:45:52','2026-04-22 00:45:52',0),(3,1,4,'Java集合框架实践','使用List/Map/Set实现一个通讯录程序','2026-05-10 23:59:59',NULL,100.00,1,0,'2026-04-22 00:45:52','2026-04-22 00:45:52',0),(4,2,4,'链表实现与操作','实现单链表和双链表，支持增删改查操作','2026-03-20 23:59:59',NULL,100.00,2,10,'2026-04-22 00:45:52','2026-04-22 00:45:52',0),(5,2,4,'二叉树遍历算法','实现前序/中序/后序/层序遍历','2026-04-15 23:59:59',NULL,100.00,1,6,'2026-04-22 00:45:52','2026-04-22 00:45:52',0),(6,3,8,'TCP Socket编程','实现一个简单的聊天室程序','2026-03-25 23:59:59',NULL,100.00,2,6,'2026-04-22 00:45:52','2026-04-22 00:45:52',0),(7,6,10,'搜索算法实现','实现BFS和DFS，并分析时间复杂度','2026-04-20 23:59:59',NULL,100.00,1,4,'2026-04-22 00:45:52','2026-04-22 00:45:52',0),(8,8,10,'数据清洗实践','使用Pandas对给定数据集进行清洗和预处理','2026-04-10 23:59:59',NULL,100.00,1,3,'2026-04-22 00:45:52','2026-04-22 00:45:52',0),(9,9,4,'需求分析文档','编写一个在线购物系统的需求规格说明书','2026-03-30 23:59:59',NULL,100.00,2,8,'2026-04-22 00:45:52','2026-04-22 00:45:52',0),(10,11,6,'微积分习题集一','完成教材第1-2章全部习题','2026-03-10 23:59:59',NULL,100.00,2,10,'2026-04-22 00:45:52','2026-04-22 00:45:52',0),(11,11,6,'微积分习题集二','完成教材第3-4章全部习题','2026-04-20 23:59:59',NULL,100.00,1,5,'2026-04-22 00:45:52','2026-04-22 00:45:52',0),(12,13,11,'英语作文：My Campus','写一篇300字英语短文描述你的校园生活','2026-04-05 23:59:59',NULL,100.00,1,4,'2026-04-22 00:45:52','2026-04-22 00:45:52',0),(13,1,4,'Java期末项目','综合项目：开发一个完整的应用程序','2026-06-30 23:59:59',NULL,100.00,0,0,'2026-04-22 00:45:52','2026-04-22 00:45:52',0);
/*!40000 ALTER TABLE `homework` ENABLE KEYS */;
UNLOCK TABLES;
DROP TABLE IF EXISTS `homework_submission`;
/*!40101 SET @saved_cs_client     = @@character_set_client */;
/*!50503 SET character_set_client = utf8mb4 */;
CREATE TABLE `homework_submission` (
  `id` bigint NOT NULL AUTO_INCREMENT COMMENT '主键ID',
  `homework_id` bigint NOT NULL COMMENT '作业ID',
  `student_id` bigint NOT NULL COMMENT '学生ID',
  `content` text COMMENT '文字说明',
  `attachment_id` bigint DEFAULT NULL COMMENT '附件文件ID',
  `score` decimal(5,2) DEFAULT NULL COMMENT '评分',
  `comment` text COMMENT '教师评语',
  `status` int NOT NULL DEFAULT '0' COMMENT '状态: 0-已提交 1-已批改',
  `submit_time` datetime NOT NULL DEFAULT CURRENT_TIMESTAMP COMMENT '提交时间',
  `grade_time` datetime DEFAULT NULL COMMENT '批改时间',
  `create_time` datetime NOT NULL DEFAULT CURRENT_TIMESTAMP COMMENT '创建时间',
  `update_time` datetime NOT NULL DEFAULT CURRENT_TIMESTAMP ON UPDATE CURRENT_TIMESTAMP COMMENT '更新时间',
  `deleted` int NOT NULL DEFAULT '0' COMMENT '逻辑删除',
  PRIMARY KEY (`id`),
  UNIQUE KEY `uk_homework_student` (`homework_id`,`student_id`),
  KEY `idx_student_id` (`student_id`),
  KEY `idx_homework_id` (`homework_id`)
) ENGINE=InnoDB AUTO_INCREMENT=23 DEFAULT CHARSET=utf8mb4 COLLATE=utf8mb4_0900_ai_ci COMMENT='作业提交表';
/*!40101 SET character_set_client = @saved_cs_client */;

LOCK TABLES `homework_submission` WRITE;
/*!40000 ALTER TABLE `homework_submission` DISABLE KEYS */;
INSERT INTO `homework_submission` VALUES (1,1,12,'已完成3个Java程序',NULL,92.00,'代码规范，逻辑清晰',2,'2026-03-10 14:30:00','2026-03-12 10:00:00','2026-04-22 00:45:52','2026-04-22 00:45:52',0),(2,1,13,'已完成所有习题',NULL,85.00,'基本正确，部分注释缺失',2,'2026-03-11 09:20:00','2026-03-12 10:05:00','2026-04-22 00:45:52','2026-04-22 00:45:52',0),(3,1,14,'提交了作业',NULL,60.00,'及格，需加强基础',2,'2026-03-14 23:50:00','2026-03-15 09:00:00','2026-04-22 00:45:52','2026-04-22 00:45:52',0),(4,1,15,'全部完成',NULL,98.00,'非常优秀',2,'2026-03-08 08:00:00','2026-03-09 14:00:00','2026-04-22 00:45:52','2026-04-22 00:45:52',0),(5,1,16,'完成作业',NULL,78.00,'良好，部分算法可优化',2,'2026-03-12 16:45:00','2026-03-13 11:00:00','2026-04-22 00:45:52','2026-04-22 00:45:52',0),(6,1,17,'已完成',NULL,82.00,'代码结构清晰',2,'2026-03-13 10:30:00','2026-03-14 09:00:00','2026-04-22 00:45:52','2026-04-22 00:45:52',0),(7,1,18,'作业提交',NULL,70.00,'基本完成',2,'2026-03-15 22:00:00','2026-03-16 10:00:00','2026-04-22 00:45:52','2026-04-22 00:45:52',0),(8,1,19,'完成3个程序',NULL,75.00,'部分功能不完整',2,'2026-03-15 23:55:00','2026-03-16 10:05:00','2026-04-22 00:45:52','2026-04-22 00:45:52',0),(9,2,12,'学生管理系统类图和代码',NULL,88.00,'设计合理，代码规范',2,'2026-03-25 15:00:00','2026-03-28 09:00:00','2026-04-22 00:45:52','2026-04-22 00:45:52',0),(10,2,13,'已完成面向对象作业',NULL,NULL,NULL,1,'2026-03-26 10:00:00',NULL,'2026-04-22 00:45:52','2026-04-22 00:45:52',0),(11,2,14,'提交了类图',NULL,NULL,NULL,1,'2026-03-27 20:30:00',NULL,'2026-04-22 00:45:52','2026-04-22 00:45:52',0),(12,2,15,'完成设计',NULL,95.00,'优秀，考虑了扩展性',2,'2026-03-24 09:00:00','2026-03-28 09:05:00','2026-04-22 00:45:52','2026-04-22 00:45:52',0),(13,2,16,'作业提交',NULL,60.00,'',1,'2026-03-28 22:00:00','2026-04-22 02:25:07','2026-04-22 00:45:52','2026-04-22 00:45:52',0),(14,4,12,'单链表和双链表实现',NULL,90.00,'实现完整，测试充分',2,'2026-03-15 11:00:00','2026-03-18 14:00:00','2026-04-22 00:45:52','2026-04-22 00:45:52',0),(15,4,13,'链表作业',NULL,82.00,'基本正确',2,'2026-03-16 09:00:00','2026-03-18 14:05:00','2026-04-22 00:45:52','2026-04-22 00:45:52',0),(16,4,14,'完成链表操作',NULL,65.00,'部分边界条件未处理',2,'2026-03-18 20:00:00','2026-03-19 10:00:00','2026-04-22 00:45:52','2026-04-22 00:45:52',0),(17,4,20,'链表实现',NULL,88.00,'代码质量高',2,'2026-03-14 16:00:00','2026-03-17 09:00:00','2026-04-22 00:45:52','2026-04-22 00:45:52',0),(18,4,21,'作业提交',NULL,76.00,'良好',2,'2026-03-17 14:30:00','2026-03-19 10:05:00','2026-04-22 00:45:52','2026-04-22 00:45:52',0),(19,10,12,'第1-2章习题完成',NULL,95.00,'解题过程规范',2,'2026-03-05 10:00:00','2026-03-08 09:00:00','2026-04-22 00:45:52','2026-04-22 00:45:52',0),(20,10,13,'习题已完成',NULL,80.00,'部分证明过程需完善',2,'2026-03-06 15:00:00','2026-03-08 09:05:00','2026-04-22 00:45:52','2026-04-22 00:45:52',0),(21,10,20,'高数作业',NULL,92.00,'优秀',2,'2026-03-04 08:00:00','2026-03-07 14:00:00','2026-04-22 00:45:52','2026-04-22 00:45:52',0),(22,10,21,'完成习题',NULL,78.00,'基本正确',2,'2026-03-07 22:00:00','2026-03-09 10:00:00','2026-04-22 00:45:52','2026-04-22 00:45:52',0);
/*!40000 ALTER TABLE `homework_submission` ENABLE KEYS */;
UNLOCK TABLES;
DROP TABLE IF EXISTS `notice`;
/*!40101 SET @saved_cs_client     = @@character_set_client */;
/*!50503 SET character_set_client = utf8mb4 */;
CREATE TABLE `notice` (
  `id` bigint NOT NULL AUTO_INCREMENT COMMENT '主键ID',
  `title` varchar(200) NOT NULL COMMENT '标题',
  `content` text NOT NULL COMMENT '内容',
  `publisher_id` bigint NOT NULL COMMENT '发布人ID',
  `category` varchar(30) NOT NULL DEFAULT 'general' COMMENT '分类: academic/activity/urgent/general',
  `target_role` varchar(50) DEFAULT 'all' COMMENT '目标角色: all/student/teacher',
  `is_top` int NOT NULL DEFAULT '0' COMMENT '是否置顶: 0-否 1-是',
  `publish_time` datetime DEFAULT NULL COMMENT '定时发布时间',
  `status` int NOT NULL DEFAULT '1' COMMENT '状态: 0-草稿 1-已发布 2-已下架',
  `create_time` datetime NOT NULL DEFAULT CURRENT_TIMESTAMP COMMENT '创建时间',
  `update_time` datetime NOT NULL DEFAULT CURRENT_TIMESTAMP ON UPDATE CURRENT_TIMESTAMP COMMENT '更新时间',
  `deleted` int NOT NULL DEFAULT '0' COMMENT '逻辑删除',
  PRIMARY KEY (`id`),
  KEY `idx_publisher_id` (`publisher_id`),
  KEY `idx_category_status` (`category`,`status`),
  KEY `idx_publish_time` (`publish_time`)
) ENGINE=InnoDB AUTO_INCREMENT=13 DEFAULT CHARSET=utf8mb4 COLLATE=utf8mb4_0900_ai_ci COMMENT='通知公告表';
/*!40101 SET character_set_client = @saved_cs_client */;

LOCK TABLES `notice` WRITE;
/*!40000 ALTER TABLE `notice` DISABLE KEYS */;
INSERT INTO `notice` VALUES (1,'2025-2026学年第一学期选课通知','各位同学：\n第一学期选课将于9月1日开始，请登录系统完成选课。选课分三轮进行，具体安排请查看教务处网站。',1,'academic','student',1,'2025-08-25 09:00:00',1,'2026-04-22 00:45:52','2026-04-22 00:45:52',0),(2,'国庆节放假通知','根据学校安排，10月1日至7日放假调休，10月8日正常上课。请各位师生注意安全。',1,'general','all',1,'2025-09-25 10:00:00',1,'2026-04-22 00:45:52','2026-04-22 00:45:52',0),(3,'校园招聘会通知','2025年秋季校园招聘会将于10月15日在体育馆举行，参会企业200余家，请同学们提前准备简历。',2,'activity','student',0,'2025-09-28 14:00:00',1,'2026-04-22 00:45:52','2026-04-22 00:45:52',0),(4,'教务系统升级维护公告','教务系统将于本周六0:00-6:00进行升级维护，届时系统暂停服务，请提前做好安排。',1,'urgent','all',0,'2025-10-10 16:00:00',1,'2026-04-22 00:45:52','2026-04-22 00:45:52',0),(5,'教师节表彰大会通知','2025年教师节表彰大会将于9月10日下午2点在学术报告厅举行，欢迎全体教师参加。',2,'activity','teacher',0,'2025-09-05 08:00:00',1,'2026-04-22 00:45:52','2026-04-22 00:45:52',0),(6,'期末考试安排通知','2025-2026学年第一学期期末考试将于2026年1月6日-17日进行，具体安排请查看考试系统。',1,'academic','student',0,'2025-12-01 09:00:00',1,'2026-04-22 00:45:52','2026-04-22 00:45:52',0),(7,'实验室安全培训通知','所有使用实验室的师生必须参加安全培训，培训时间为10月20日下午2点，地点C实验楼201。',2,'urgent','all',0,'2025-10-15 10:00:00',1,'2026-04-22 00:45:52','2026-04-22 00:45:52',0),(8,'英语四六级考试报名通知','2025年12月英语四六级考试报名已开始，截止日期11月5日，请同学们及时报名。',2,'academic','student',0,'2025-10-20 09:00:00',1,'2026-04-22 00:45:52','2026-04-22 00:45:52',0),(9,'新学期教师培训通知','2025-2026学年第二学期教师培训将于2月20日-21日进行，请全体教师准时参加。',1,'academic','teacher',0,'2026-01-15 10:00:00',1,'2026-04-22 00:45:52','2026-04-22 00:45:52',0),(10,'校园网络故障紧急通知','因光缆施工，校园网将于今晚22:00-次日6:00中断，请提前保存工作。',1,'urgent','all',0,'2026-03-10 18:00:00',1,'2026-04-22 00:45:52','2026-04-22 00:45:52',0),(11,'春季运动会报名通知','第35届春季运动会将于4月20日举行，请各班级于4月5日前完成报名。',2,'activity','student',0,'2026-03-15 09:00:00',1,'2026-04-22 00:45:52','2026-04-22 00:45:52',0),(12,'草稿通知-未发布','此通知为草稿状态，不应被普通用户看到。',1,'general','all',0,NULL,0,'2026-04-22 00:45:52','2026-04-22 00:45:52',0);
/*!40000 ALTER TABLE `notice` ENABLE KEYS */;
UNLOCK TABLES;
DROP TABLE IF EXISTS `notice_read`;
/*!40101 SET @saved_cs_client     = @@character_set_client */;
/*!50503 SET character_set_client = utf8mb4 */;
CREATE TABLE `notice_read` (
  `id` bigint NOT NULL AUTO_INCREMENT COMMENT '主键ID',
  `notice_id` bigint NOT NULL COMMENT '公告ID',
  `user_id` bigint NOT NULL COMMENT '用户ID',
  `read_time` datetime NOT NULL DEFAULT CURRENT_TIMESTAMP COMMENT '阅读时间',
  PRIMARY KEY (`id`),
  UNIQUE KEY `uk_notice_user` (`notice_id`,`user_id`),
  KEY `idx_user_id` (`user_id`)
) ENGINE=InnoDB AUTO_INCREMENT=16 DEFAULT CHARSET=utf8mb4 COLLATE=utf8mb4_0900_ai_ci COMMENT='公告阅读记录表';
/*!40101 SET character_set_client = @saved_cs_client */;

LOCK TABLES `notice_read` WRITE;
/*!40000 ALTER TABLE `notice_read` DISABLE KEYS */;
INSERT INTO `notice_read` VALUES (1,1,1,'2025-08-25 10:00:00'),(2,1,2,'2025-08-25 11:00:00'),(3,1,12,'2025-08-26 08:00:00'),(4,1,16,'2025-08-26 09:30:00'),(5,2,1,'2025-09-25 12:00:00'),(6,2,2,'2025-09-25 14:00:00'),(7,2,12,'2025-09-26 08:00:00'),(8,2,13,'2025-09-26 09:00:00'),(9,2,16,'2025-09-26 10:00:00'),(10,2,17,'2025-09-27 08:00:00'),(11,4,1,'2025-10-10 17:00:00'),(12,4,13,'2025-10-10 18:00:00'),(13,4,16,'2025-10-10 19:00:00'),(14,10,1,'2026-03-10 19:00:00'),(15,10,2,'2026-03-10 20:00:00');
/*!40000 ALTER TABLE `notice_read` ENABLE KEYS */;
UNLOCK TABLES;
DROP TABLE IF EXISTS `repair`;
/*!40101 SET @saved_cs_client     = @@character_set_client */;
/*!50503 SET character_set_client = utf8mb4 */;
CREATE TABLE `repair` (
  `id` bigint NOT NULL AUTO_INCREMENT COMMENT '主键ID',
  `user_id` bigint NOT NULL COMMENT '报修人ID',
  `title` varchar(200) NOT NULL COMMENT '报修标题',
  `content` text NOT NULL COMMENT '报修描述',
  `location` varchar(200) NOT NULL COMMENT '故障地点',
  `category` varchar(30) NOT NULL COMMENT '分类: electrical/plumbing/furniture/network/other',
  `urgency` varchar(10) NOT NULL DEFAULT 'normal' COMMENT '紧急程度: low/normal/high',
  `status` int NOT NULL DEFAULT '0' COMMENT '状态: 0-待处理 1-处理中 2-已完成 3-已关闭',
  `handler_id` bigint DEFAULT NULL COMMENT '处理人ID',
  `handle_result` text COMMENT '处理结果',
  `handle_time` datetime DEFAULT NULL COMMENT '处理时间',
  `rating` int DEFAULT NULL COMMENT '评价: 1-5星',
  `rating_content` varchar(500) DEFAULT NULL COMMENT '评价内容',
  `create_time` datetime NOT NULL DEFAULT CURRENT_TIMESTAMP COMMENT '创建时间',
  `update_time` datetime NOT NULL DEFAULT CURRENT_TIMESTAMP ON UPDATE CURRENT_TIMESTAMP COMMENT '更新时间',
  `deleted` int NOT NULL DEFAULT '0' COMMENT '逻辑删除',
  PRIMARY KEY (`id`),
  KEY `idx_user_id` (`user_id`),
  KEY `idx_status` (`status`),
  KEY `idx_handler_id` (`handler_id`),
  KEY `idx_category_status` (`category`,`status`)
) ENGINE=InnoDB AUTO_INCREMENT=12 DEFAULT CHARSET=utf8mb4 COLLATE=utf8mb4_0900_ai_ci COMMENT='报修工单表';
/*!40101 SET character_set_client = @saved_cs_client */;

LOCK TABLES `repair` WRITE;
/*!40000 ALTER TABLE `repair` DISABLE KEYS */;
INSERT INTO `repair` VALUES (1,12,'A101投影仪故障','A101教室投影仪无法开机，指示灯闪烁','A教学楼A101','设备故障','high',0,NULL,NULL,NULL,NULL,NULL,'2026-04-22 00:45:52','2026-04-22 00:45:52',0),(2,18,'宿舍网络中断','6号楼302宿舍网络完全无法连接','6号楼302','网络故障','high',0,NULL,NULL,NULL,NULL,NULL,'2026-04-22 00:45:52','2026-04-22 00:45:52',0),(3,14,'B201空调不制冷','B201教室空调开启后不制冷，温度显示异常','B教学楼B201','设备故障','medium',0,NULL,NULL,NULL,NULL,NULL,'2026-04-22 00:45:52','2026-04-22 00:45:52',0),(4,13,'C101电脑蓝屏','C101实验室3号电脑频繁蓝屏，无法正常使用','C实验楼C101','设备故障','medium',1,1,NULL,NULL,NULL,NULL,'2026-04-22 00:45:52','2026-04-22 00:45:52',0),(5,16,'教室门锁损坏','A301教室后门门锁无法正常关闭','A教学楼A301','设施损坏','low',1,1,NULL,NULL,NULL,NULL,'2026-04-22 00:45:52','2026-04-22 00:45:52',0),(6,12,'A102灯管损坏','A102教室第3排灯管不亮','A教学楼A102','设施损坏','low',2,1,'已更换灯管，恢复正常照明','2026-03-05 14:00:00',5,'处理及时，非常满意','2026-04-22 00:45:52','2026-04-22 00:45:52',0),(7,15,'实验室网线接口松动','C102实验室5号工位网线接口接触不良','C实验楼C102','网络故障','medium',2,1,'已更换网线接口，网络恢复正常','2026-03-08 10:00:00',4,'处理较快','2026-04-22 00:45:52','2026-04-22 00:45:52',0),(8,17,'B102窗户无法关闭','B102教室靠走廊侧窗户无法完全关闭','B教学楼B102','设施损坏','low',2,2,'已维修窗户合页，可正常关闭','2026-02-20 16:00:00',3,'一般','2026-04-22 00:45:52','2026-04-22 00:45:52',0),(9,19,'C201电脑配置低','C201实验室电脑运行缓慢，建议升级配置','C实验楼C201','设备故障','low',3,1,'已记录，纳入暑期升级计划','2026-03-01 11:00:00',NULL,NULL,'2026-04-22 00:45:52','2026-04-22 00:45:52',0),(10,20,'实验室漏水紧急报修','C103实验室水管破裂，地面大量积水，有触电风险！','C实验楼C103','水管问题','high',0,NULL,NULL,NULL,NULL,NULL,'2026-04-22 00:45:52','2026-04-22 00:45:52',0),(11,21,'A201麦克风无声','A201教室讲台麦克风无声音输出','A教学楼A201','设备故障','medium',2,2,'已更换麦克风电池，恢复正常','2026-03-12 15:00:00',NULL,NULL,'2026-04-22 00:45:52','2026-04-22 00:45:52',0);
/*!40000 ALTER TABLE `repair` ENABLE KEYS */;
UNLOCK TABLES;
DROP TABLE IF EXISTS `score`;
/*!40101 SET @saved_cs_client     = @@character_set_client */;
/*!50503 SET character_set_client = utf8mb4 */;
CREATE TABLE `score` (
  `id` bigint NOT NULL AUTO_INCREMENT COMMENT '主键ID',
  `student_id` bigint NOT NULL COMMENT '学生ID',
  `course_id` bigint NOT NULL COMMENT '课程ID',
  `teacher_id` bigint NOT NULL COMMENT '录入教师ID',
  `usual_score` decimal(5,2) DEFAULT NULL COMMENT '平时成绩',
  `exam_score` decimal(5,2) DEFAULT NULL COMMENT '考试成绩',
  `final_score` decimal(5,2) DEFAULT NULL COMMENT '最终成绩',
  `grade_point` decimal(3,2) DEFAULT NULL COMMENT '绩点',
  `semester` varchar(20) NOT NULL COMMENT '学期',
  `remark` varchar(200) DEFAULT NULL COMMENT '备注',
  `create_time` datetime NOT NULL DEFAULT CURRENT_TIMESTAMP COMMENT '创建时间',
  `update_time` datetime NOT NULL DEFAULT CURRENT_TIMESTAMP ON UPDATE CURRENT_TIMESTAMP COMMENT '更新时间',
  `deleted` int NOT NULL DEFAULT '0' COMMENT '逻辑删除',
  PRIMARY KEY (`id`),
  UNIQUE KEY `uk_student_course_sem` (`student_id`,`course_id`,`semester`),
  KEY `idx_student_id` (`student_id`),
  KEY `idx_course_id` (`course_id`),
  KEY `idx_teacher_id` (`teacher_id`),
  KEY `idx_semester` (`semester`)
) ENGINE=InnoDB AUTO_INCREMENT=55 DEFAULT CHARSET=utf8mb4 COLLATE=utf8mb4_0900_ai_ci COMMENT='成绩表';
/*!40101 SET character_set_client = @saved_cs_client */;

LOCK TABLES `score` WRITE;
/*!40000 ALTER TABLE `score` DISABLE KEYS */;
INSERT INTO `score` VALUES (1,12,1,4,88.00,92.00,90.40,4.00,'2026-2027-1',NULL,'2026-04-22 00:45:52','2026-04-22 01:00:36',0),(2,12,2,4,85.00,78.00,80.80,3.30,'2026-2027-1',NULL,'2026-04-22 00:45:52','2026-04-22 01:00:36',0),(3,12,11,6,90.00,95.00,93.00,4.00,'2026-2027-1',NULL,'2026-04-22 00:45:52','2026-04-22 01:00:36',0),(4,12,12,6,82.00,88.00,85.60,3.70,'2026-2027-1',NULL,'2026-04-22 00:45:52','2026-04-22 01:00:36',0),(5,13,1,4,75.00,80.00,78.00,3.00,'2026-2027-1',NULL,'2026-04-22 00:45:52','2026-04-22 01:00:36',0),(6,13,2,4,70.00,65.00,67.00,2.00,'2026-2027-1',NULL,'2026-04-22 00:45:52','2026-04-22 01:00:36',0),(7,13,11,6,80.00,85.00,83.00,3.70,'2026-2027-1',NULL,'2026-04-22 00:45:52','2026-04-22 01:00:36',0),(8,14,1,4,60.00,60.00,60.00,1.00,'2026-2027-1','及格','2026-04-22 00:45:52','2026-04-22 01:00:36',0),(9,14,2,4,58.00,55.00,56.20,0.00,'2026-2027-1','不及格','2026-04-22 00:45:52','2026-04-22 01:00:36',0),(10,14,11,6,72.00,68.00,69.60,2.00,'2026-2027-1',NULL,'2026-04-22 00:45:52','2026-04-22 01:00:36',0),(11,15,1,4,100.00,98.00,98.80,4.00,'2026-2027-1','优秀','2026-04-22 00:45:52','2026-04-22 01:00:36',0),(12,15,2,4,0.00,0.00,0.00,0.00,'2026-2027-1','缺考','2026-04-22 00:45:52','2026-04-22 01:00:36',0),(13,15,11,6,88.00,90.00,89.20,4.00,'2026-2027-1',NULL,'2026-04-22 00:45:52','2026-04-22 01:00:36',0),(14,16,1,4,78.00,82.00,80.40,3.30,'2026-2027-1',NULL,'2026-04-22 00:45:52','2026-04-22 01:00:36',0),(15,16,6,10,85.00,90.00,88.00,3.70,'2026-2027-1',NULL,'2026-04-22 00:45:52','2026-04-22 01:00:36',0),(16,16,8,10,80.00,76.00,77.60,3.00,'2026-2027-1',NULL,'2026-04-22 00:45:52','2026-04-22 01:00:36',0),(17,16,11,6,92.00,88.00,89.60,4.00,'2026-2027-1',NULL,'2026-04-22 00:45:52','2026-04-22 01:00:36',0),(18,17,1,4,82.00,85.00,83.80,3.70,'2026-2027-1',NULL,'2026-04-22 00:45:52','2026-04-22 01:00:36',0),(19,17,6,10,90.00,88.00,88.80,3.70,'2026-2027-1',NULL,'2026-04-22 00:45:52','2026-04-22 01:00:36',0),(20,17,11,6,78.00,82.00,80.40,3.30,'2026-2027-1',NULL,'2026-04-22 00:45:52','2026-04-22 01:00:36',0),(21,18,3,8,75.00,70.00,72.00,2.30,'2026-2027-1',NULL,'2026-04-22 00:45:52','2026-04-22 01:00:36',0),(22,18,11,6,80.00,78.00,78.80,3.00,'2026-2027-1',NULL,'2026-04-22 00:45:52','2026-04-22 01:00:36',0),(23,19,3,8,68.00,62.00,64.40,1.50,'2026-2027-1',NULL,'2026-04-22 00:45:52','2026-04-22 01:00:36',0),(24,19,11,6,85.00,80.00,82.00,3.30,'2026-2027-1',NULL,'2026-04-22 00:45:52','2026-04-22 01:00:36',0),(25,20,11,6,88.00,90.00,89.20,4.00,'2026-2027-1',NULL,'2026-04-22 00:45:52','2026-04-22 01:00:36',0),(26,20,2,4,76.00,72.00,73.60,2.70,'2026-2027-1',NULL,'2026-04-22 00:45:52','2026-04-22 01:00:36',0),(27,21,11,6,82.00,86.00,84.40,3.70,'2026-2027-1',NULL,'2026-04-22 00:45:52','2026-04-22 01:00:36',0),(28,21,2,4,70.00,68.00,68.80,2.00,'2026-2027-1',NULL,'2026-04-22 00:45:52','2026-04-22 01:00:36',0),(29,22,13,11,85.00,88.00,86.80,3.70,'2026-2027-1',NULL,'2026-04-22 00:45:52','2026-04-22 01:00:36',0),(30,23,13,11,78.00,82.00,80.40,3.30,'2026-2027-1',NULL,'2026-04-22 00:45:52','2026-04-22 01:00:36',0),(31,28,14,9,72.00,68.00,69.60,2.00,'2026-2027-1',NULL,'2026-04-22 00:45:52','2026-04-22 01:00:36',0),(32,29,14,9,80.00,75.00,77.00,3.00,'2026-2027-1',NULL,'2026-04-22 00:45:52','2026-04-22 01:00:36',0),(33,32,1,4,85.00,82.00,83.00,3.30,'2026-2027-1',NULL,'2026-04-22 01:12:20','2026-04-22 01:12:20',0),(34,32,2,4,78.00,80.00,79.00,2.80,'2026-2027-1',NULL,'2026-04-22 01:12:20','2026-04-22 01:12:20',0),(35,32,11,6,90.00,88.00,89.00,3.80,'2026-2027-1',NULL,'2026-04-22 01:12:20','2026-04-22 01:12:20',0),(36,32,13,11,82.00,78.00,80.00,3.00,'2026-2027-1',NULL,'2026-04-22 01:12:20','2026-04-22 01:12:20',0),(37,33,1,4,72.00,75.00,74.00,2.30,'2026-2027-1',NULL,'2026-04-22 01:12:20','2026-04-22 01:12:20',0),(38,33,2,4,88.00,85.00,86.00,3.50,'2026-2027-1',NULL,'2026-04-22 01:12:20','2026-04-22 01:12:20',0),(39,33,11,6,76.00,80.00,78.00,2.70,'2026-2027-1',NULL,'2026-04-22 01:12:20','2026-04-22 01:12:20',0),(40,33,13,11,90.00,92.00,91.00,4.00,'2026-2027-1',NULL,'2026-04-22 01:12:20','2026-04-22 01:12:20',0),(41,34,3,8,80.00,78.00,79.00,2.80,'2026-2027-1',NULL,'2026-04-22 01:12:20','2026-04-22 01:12:20',0),(42,34,5,8,85.00,88.00,87.00,3.70,'2026-2027-1',NULL,'2026-04-22 01:12:20','2026-04-22 01:12:20',0),(43,34,11,6,92.00,90.00,91.00,4.00,'2026-2027-1',NULL,'2026-04-22 01:12:20','2026-04-22 01:12:20',0),(44,35,3,8,68.00,72.00,70.00,2.00,'2026-2027-1',NULL,'2026-04-22 01:12:20','2026-04-22 01:12:20',0),(45,35,5,8,75.00,78.00,77.00,2.70,'2026-2027-1',NULL,'2026-04-22 01:12:20','2026-04-22 01:12:20',0),(46,35,12,6,88.00,85.00,86.00,3.50,'2026-2027-1',NULL,'2026-04-22 01:12:20','2026-04-22 01:12:20',0),(47,36,3,8,82.00,80.00,81.00,3.00,'2026-2027-1',NULL,'2026-04-22 01:12:20','2026-04-22 01:12:20',0),(48,36,9,4,78.00,82.00,80.00,3.00,'2026-2027-1',NULL,'2026-04-22 01:12:20','2026-04-22 01:12:20',0),(49,36,11,6,95.00,92.00,93.00,4.00,'2026-2027-1',NULL,'2026-04-22 01:12:20','2026-04-22 01:12:20',0),(50,36,13,11,80.00,76.00,78.00,2.70,'2026-2027-1',NULL,'2026-04-22 01:12:20','2026-04-22 01:12:20',0),(51,37,11,6,70.00,68.00,69.00,2.00,'2026-2027-1',NULL,'2026-04-22 01:12:20','2026-04-22 01:12:20',0),(52,37,12,6,82.00,80.00,81.00,3.00,'2026-2027-1',NULL,'2026-04-22 01:12:20','2026-04-22 01:12:20',0),(53,37,14,9,75.00,72.00,73.00,2.30,'2026-2027-1',NULL,'2026-04-22 01:12:20','2026-04-22 01:12:20',0),(54,37,13,11,85.00,88.00,87.00,3.70,'2026-2027-1',NULL,'2026-04-22 01:12:20','2026-04-22 01:12:20',0);
/*!40000 ALTER TABLE `score` ENABLE KEYS */;
UNLOCK TABLES;
DROP TABLE IF EXISTS `score_change_log`;
/*!40101 SET @saved_cs_client     = @@character_set_client */;
/*!50503 SET character_set_client = utf8mb4 */;
CREATE TABLE `score_change_log` (
  `id` bigint NOT NULL AUTO_INCREMENT COMMENT '主键ID',
  `score_id` bigint NOT NULL COMMENT '成绩记录ID',
  `operator_id` bigint NOT NULL COMMENT '操作人ID',
  `old_score` decimal(5,2) DEFAULT NULL COMMENT '修改前成绩',
  `new_score` decimal(5,2) DEFAULT NULL COMMENT '修改后成绩',
  `reason` varchar(500) DEFAULT NULL COMMENT '修改原因',
  `create_time` datetime NOT NULL DEFAULT CURRENT_TIMESTAMP COMMENT '创建时间',
  PRIMARY KEY (`id`),
  KEY `idx_score_id` (`score_id`)
) ENGINE=InnoDB AUTO_INCREMENT=4 DEFAULT CHARSET=utf8mb4 COLLATE=utf8mb4_0900_ai_ci COMMENT='成绩修改日志表';
/*!40101 SET character_set_client = @saved_cs_client */;

LOCK TABLES `score_change_log` WRITE;
/*!40000 ALTER TABLE `score_change_log` DISABLE KEYS */;
INSERT INTO `score_change_log` VALUES (1,9,4,56.20,60.00,'补考通过，成绩调整为及格','2026-02-15 10:00:00'),(2,12,4,0.00,45.00,'缺考学生补交作业后酌情给分','2026-02-20 14:00:00'),(3,3,4,80.80,85.60,'平时成绩录入错误，修正','2026-01-20 09:00:00');
/*!40000 ALTER TABLE `score_change_log` ENABLE KEYS */;
UNLOCK TABLES;
DROP TABLE IF EXISTS `sys_file`;
/*!40101 SET @saved_cs_client     = @@character_set_client */;
/*!50503 SET character_set_client = utf8mb4 */;
CREATE TABLE `sys_file` (
  `id` bigint NOT NULL AUTO_INCREMENT COMMENT '主键ID',
  `original_name` varchar(200) NOT NULL COMMENT '原始文件名',
  `stored_name` varchar(200) NOT NULL COMMENT '存储文件名',
  `file_path` varchar(500) NOT NULL COMMENT '存储路径',
  `file_size` bigint NOT NULL COMMENT '文件大小(字节)',
  `file_type` varchar(50) NOT NULL COMMENT '文件MIME类型',
  `biz_type` varchar(30) DEFAULT NULL COMMENT '业务类型: homework/repair/avatar',
  `biz_id` bigint DEFAULT NULL COMMENT '关联业务ID',
  `upload_user_id` bigint NOT NULL COMMENT '上传人ID',
  `create_time` datetime NOT NULL DEFAULT CURRENT_TIMESTAMP COMMENT '创建时间',
  `deleted` int NOT NULL DEFAULT '0' COMMENT '逻辑删除',
  PRIMARY KEY (`id`),
  KEY `idx_biz` (`biz_type`,`biz_id`),
  KEY `idx_upload_user` (`upload_user_id`)
) ENGINE=InnoDB AUTO_INCREMENT=8 DEFAULT CHARSET=utf8mb4 COLLATE=utf8mb4_0900_ai_ci COMMENT='文件表';
/*!40101 SET character_set_client = @saved_cs_client */;

LOCK TABLES `sys_file` WRITE;
/*!40000 ALTER TABLE `sys_file` DISABLE KEYS */;
INSERT INTO `sys_file` VALUES (1,'Java课程大纲.pdf','20260301_java_syllabus.pdf','/upload/2026/03/01/abc001.pdf',204800,'pdf','course',1,4,'2026-03-01 10:00:00',0),(2,'数据结构实验指导.docx','20260302_ds_lab_guide.docx','/upload/2026/03/02/abc002.docx',153600,'docx','course',2,4,'2026-03-02 14:00:00',0),(3,'高数习题答案.pdf','20260303_math_answers.pdf','/upload/2026/03/03/abc003.pdf',307200,'pdf','homework',10,6,'2026-03-03 09:00:00',0),(4,'作业提交_张三.docx','20260310_hw1_zhangsan.docx','/upload/2026/03/10/abc004.docx',51200,'docx','submission',1,12,'2026-03-10 14:30:00',0),(5,'作业提交_李四.docx','20260311_hw1_lisi.docx','/upload/2026/03/11/abc005.docx',48000,'docx','submission',2,13,'2026-03-11 09:20:00',0),(6,'校园风景.jpg','20260315_campus.jpg','/upload/2026/03/15/abc006.jpg',1024000,'jpg','notice',3,2,'2026-03-15 09:00:00',0),(7,'报修照片.png','20260320_repair_photo.png','/upload/2026/03/20/abc007.png',256000,'png','repair',1,12,'2026-03-20 08:00:00',0);
/*!40000 ALTER TABLE `sys_file` ENABLE KEYS */;
UNLOCK TABLES;
DROP TABLE IF EXISTS `sys_user`;
/*!40101 SET @saved_cs_client     = @@character_set_client */;
/*!50503 SET character_set_client = utf8mb4 */;
CREATE TABLE `sys_user` (
  `id` bigint NOT NULL AUTO_INCREMENT COMMENT '主键ID',
  `username` varchar(50) NOT NULL COMMENT '用户名',
  `password` varchar(100) NOT NULL COMMENT '密码',
  `real_name` varchar(50) NOT NULL COMMENT '真实姓名',
  `id_card` varchar(100) DEFAULT NULL COMMENT '身份证号(加密存储)',
  `user_no` varchar(50) DEFAULT NULL COMMENT '用户编号(学号/工号)',
  `college` varchar(100) DEFAULT NULL COMMENT '学院',
  `major` varchar(100) DEFAULT NULL COMMENT '专业',
  `class_name` varchar(50) DEFAULT NULL COMMENT '班级',
  `first_login` int NOT NULL DEFAULT '1' COMMENT '是否首次登录: 0-否 1-是',
  `role` varchar(20) NOT NULL DEFAULT 'student' COMMENT '角色: admin/teacher/student',
  `phone` varchar(20) DEFAULT NULL COMMENT '手机号',
  `email` varchar(100) DEFAULT NULL COMMENT '邮箱',
  `avatar` varchar(255) DEFAULT NULL COMMENT '头像URL',
  `status` int NOT NULL DEFAULT '1' COMMENT '状态: 0-禁用 1-启用',
  `create_time` datetime NOT NULL DEFAULT CURRENT_TIMESTAMP COMMENT '创建时间',
  `update_time` datetime NOT NULL DEFAULT CURRENT_TIMESTAMP ON UPDATE CURRENT_TIMESTAMP COMMENT '更新时间',
  `deleted` int NOT NULL DEFAULT '0' COMMENT '逻辑删除: 0-未删除 1-已删除',
  PRIMARY KEY (`id`),
  UNIQUE KEY `uk_username` (`username`),
  UNIQUE KEY `uk_student_no` (`user_no`)
) ENGINE=InnoDB AUTO_INCREMENT=42 DEFAULT CHARSET=utf8mb4 COLLATE=utf8mb4_0900_ai_ci COMMENT='用户表';
/*!40101 SET character_set_client = @saved_cs_client */;

LOCK TABLES `sys_user` WRITE;
/*!40000 ALTER TABLE `sys_user` DISABLE KEYS */;
INSERT INTO `sys_user` VALUES (1,'admin','e10adc3949ba59abbe56e057f20f883e','系统管理员','110101199001011234','A00001','信息中心','计算机科学','管理组',0,'admin','13800000001','admin@campus.edu.cn',NULL,1,'2026-04-22 00:45:52','2026-04-22 00:51:04',0),(2,'admin2','e10adc3949ba59abbe56e057f20f883e','教务管理员','110101199002021234','A00002','教务处','教育管理','管理组',0,'admin','13800000002','admin2@campus.edu.cn',NULL,1,'2026-04-22 00:45:52','2026-04-22 00:51:04',0),(3,'admin3','e10adc3949ba59abbe56e057f20f883e','禁用管理员','110101199003031234','A00003','信息中心','网络工程','管理组',0,'admin','13800000003','admin3@campus.edu.cn',NULL,0,'2026-04-22 00:45:52','2026-04-22 00:51:04',0),(4,'teacher1','e10adc3949ba59abbe56e057f20f883e','王建国','110101198001011234','T20200001','计算机学院','软件工程',NULL,0,'teacher','13900000001','teacher1@campus.edu.cn',NULL,1,'2026-04-22 00:45:52','2026-04-22 00:51:04',0),(5,'teacher2','e10adc3949ba59abbe56e057f20f883e','李秀英','110101198002021234','T20200002','计算机学院','人工智能',NULL,0,'teacher','13900000002','teacher2@campus.edu.cn',NULL,1,'2026-04-22 00:45:52','2026-04-22 00:51:04',0),(6,'teacher3','e10adc3949ba59abbe56e057f20f883e','张伟','110101198003031234','T20200003','数学学院','应用数学',NULL,0,'teacher','13900000003','teacher3@campus.edu.cn',NULL,1,'2026-04-22 00:45:52','2026-04-22 00:51:04',0),(7,'teacher4','e10adc3949ba59abbe56e057f20f883e','陈丽华','110101198004041234','T20200004','外语学院','英语',NULL,0,'teacher','13900000004','teacher4@campus.edu.cn',NULL,1,'2026-04-22 00:45:52','2026-04-22 00:51:04',0),(8,'teacher5','e10adc3949ba59abbe56e057f20f883e','刘志强','110101198005051234','T20200005','计算机学院','网络工程',NULL,0,'teacher','13900000005','teacher5@campus.edu.cn',NULL,1,'2026-04-22 00:45:52','2026-04-22 00:51:04',0),(9,'teacher6','e10adc3949ba59abbe56e057f20f883e','赵敏','110101198006061234','T20200006','物理学院','应用物理',NULL,0,'teacher','13900000006','teacher6@campus.edu.cn',NULL,1,'2026-04-22 00:45:52','2026-04-22 00:51:04',0),(10,'teacher7','e10adc3949ba59abbe56e057f20f883e','孙鹏','110101198007071234','T20200007','计算机学院','数据科学',NULL,0,'teacher','13900000007','teacher7@campus.edu.cn',NULL,1,'2026-04-22 00:45:52','2026-04-22 00:51:04',0),(11,'teacher8','e10adc3949ba59abbe56e057f20f883e','周芳','110101198008081234','T20200008','外语学院','日语',NULL,1,'teacher','13900000008','teacher8@campus.edu.cn',NULL,0,'2026-04-22 00:45:52','2026-04-22 00:51:04',0),(12,'student1','e10adc3949ba59abbe56e057f20f883e','张三','110101200301011234','S20220001','计算机学院','软件工程','软工2201',0,'student','15100000001','student1@campus.edu.cn',NULL,1,'2026-04-22 00:45:52','2026-04-22 01:01:28',0),(13,'student2','e10adc3949ba59abbe56e057f20f883e','李四','110101200302021234','S20220002','计算机学院','软件工程','软工2201',0,'student','15100000002','student2@campus.edu.cn',NULL,1,'2026-04-22 00:45:52','2026-04-22 01:01:28',0),(14,'student3','e10adc3949ba59abbe56e057f20f883e','王五','110101200303031234','S20220003','计算机学院','软件工程','软工2202',0,'student','15100000003','student3@campus.edu.cn',NULL,1,'2026-04-22 00:45:52','2026-04-22 01:01:28',0),(15,'student4','e10adc3949ba59abbe56e057f20f883e','赵六','110101200304041234','S20220004','计算机学院','软件工程','软工2202',0,'student','15100000004','student4@campus.edu.cn',NULL,1,'2026-04-22 00:45:52','2026-04-22 01:01:28',0),(16,'student5','e10adc3949ba59abbe56e057f20f883e','钱七','110101200305051234','S20220005','计算机学院','人工智能','智科2201',0,'student','15100000005','student5@campus.edu.cn',NULL,1,'2026-04-22 00:45:52','2026-04-22 01:01:28',0),(17,'student6','e10adc3949ba59abbe56e057f20f883e','孙八','110101200306061234','S20220006','计算机学院','人工智能','智科2201',0,'student','15100000006','student6@campus.edu.cn',NULL,1,'2026-04-22 00:45:52','2026-04-22 01:01:28',0),(18,'student7','e10adc3949ba59abbe56e057f20f883e','周九','110101200307071234','S20220007','计算机学院','网络工程','网工2201',0,'student','15100000007','student7@campus.edu.cn',NULL,1,'2026-04-22 00:45:52','2026-04-22 01:01:28',0),(19,'student8','e10adc3949ba59abbe56e057f20f883e','吴十','110101200308081234','S20220008','计算机学院','网络工程','网工2201',0,'student','15100000008','student8@campus.edu.cn',NULL,1,'2026-04-22 00:45:52','2026-04-22 01:01:28',0),(20,'student9','e10adc3949ba59abbe56e057f20f883e','郑十一','110101200309091234','S20220009','数学学院','应用数学','数应2201',0,'student','15100000009','student9@campus.edu.cn',NULL,1,'2026-04-22 00:45:52','2026-04-22 01:01:28',0),(21,'student10','e10adc3949ba59abbe56e057f20f883e','冯十二','110101200310101234','S20220010','数学学院','应用数学','数应2201',0,'student','15100000010','student10@campus.edu.cn',NULL,1,'2026-04-22 00:45:52','2026-04-22 01:01:28',0),(22,'student11','e10adc3949ba59abbe56e057f20f883e','陈十三','110101200311111234','S20220011','外语学院','英语','英语2201',0,'student','15100000011','student11@campus.edu.cn',NULL,1,'2026-04-22 00:45:52','2026-04-22 01:01:28',0),(23,'student12','e10adc3949ba59abbe56e057f20f883e','褚十四','110101200312121234','S20220012','外语学院','英语','英语2201',0,'student','15100000012','student12@campus.edu.cn',NULL,1,'2026-04-22 00:45:52','2026-04-22 01:01:28',0),(24,'student13','e10adc3949ba59abbe56e057f20f883e','卫十五','110101200313131234','S20230001','计算机学院','软件工程','软工2301',0,'student','15100000013','student13@campus.edu.cn',NULL,1,'2026-04-22 00:45:52','2026-04-22 01:01:28',0),(25,'student14','e10adc3949ba59abbe56e057f20f883e','蒋十六','110101200314141234','S20230002','计算机学院','软件工程','软工2301',0,'student','15100000014','student14@campus.edu.cn',NULL,1,'2026-04-22 00:45:52','2026-04-22 01:01:28',0),(26,'student15','e10adc3949ba59abbe56e057f20f883e','沈十七','110101200315151234','S20230003','计算机学院','人工智能','智科2301',0,'student','15100000015','student15@campus.edu.cn',NULL,1,'2026-04-22 00:45:52','2026-04-22 01:01:28',0),(27,'student16','e10adc3949ba59abbe56e057f20f883e','韩十八','110101200316161234','S20230004','计算机学院','人工智能','智科2301',0,'student','15100000016','student16@campus.edu.cn',NULL,1,'2026-04-22 00:45:52','2026-04-22 01:01:28',0),(28,'student17','e10adc3949ba59abbe56e057f20f883e','杨十九','110101200317171234','S20230005','物理学院','应用物理','物应2301',0,'student','15100000017','student17@campus.edu.cn',NULL,1,'2026-04-22 00:45:52','2026-04-22 01:01:28',0),(29,'student18','e10adc3949ba59abbe56e057f20f883e','朱二十','110101200318181234','S20230006','物理学院','应用物理','物应2301',0,'student','15100000018','student18@campus.edu.cn',NULL,1,'2026-04-22 00:45:52','2026-04-22 01:01:28',0),(30,'student19','e10adc3949ba59abbe56e057f20f883e','秦廿一','110101200319191234','S20220013','计算机学院','软件工程','软工2201',1,'student','15100000019','student19@campus.edu.cn',NULL,1,'2026-04-22 00:45:52','2026-04-22 01:01:28',0),(31,'student20','e10adc3949ba59abbe56e057f20f883e','许廿二','110101200320201234','S20220014','计算机学院','软件工程','软工2201',0,'student','15100000020','student20@campus.edu.cn',NULL,0,'2026-04-22 00:45:52','2026-04-22 01:01:28',0),(32,'student21','e10adc3949ba59abbe56e057f20f883e','方一鸣','110101200401011234','S20240001','计算机学院','软件工程','软工2401',0,'student','15100000021','student21@campus.edu.cn',NULL,1,'2026-04-22 01:09:44','2026-04-22 01:09:44',0),(33,'student22','e10adc3949ba59abbe56e057f20f883e','任晓峰','110101200402021234','S20240002','计算机学院','软件工程','软工2401',0,'student','15100000022','student22@campus.edu.cn',NULL,1,'2026-04-22 01:09:44','2026-04-22 01:09:44',0),(34,'student23','e10adc3949ba59abbe56e057f20f883e','卢思琪','110101200403031234','S20240003','计算机学院','人工智能','智科2401',0,'student','15100000023','student23@campus.edu.cn',NULL,1,'2026-04-22 01:09:44','2026-04-22 01:09:44',0),(35,'student24','e10adc3949ba59abbe56e057f20f883e','贺文博','110101200404041234','S20240004','计算机学院','人工智能','智科2401',0,'student','15100000024','student24@campus.edu.cn',NULL,1,'2026-04-22 01:09:44','2026-04-22 01:09:44',0),(36,'student25','e10adc3949ba59abbe56e057f20f883e','丁雅琴','110101200405051234','S20240005','计算机学院','网络工程','网工2401',0,'student','15100000025','student25@campus.edu.cn',NULL,1,'2026-04-22 01:09:44','2026-04-22 01:09:44',0),(37,'student26','e10adc3949ba59abbe56e057f20f883e','傅子轩','110101200406061234','S20240006','数学学院','应用数学','数应2401',0,'student','15100000026','student26@campus.edu.cn',NULL,1,'2026-04-22 01:09:44','2026-04-22 01:09:44',0),(38,'student27','e10adc3949ba59abbe56e057f20f883e','蔡欣怡','110101200501011234','S20250001','计算机学院','软件工程','软工2501',0,'student','15100000027','student27@campus.edu.cn',NULL,1,'2026-04-22 01:09:44','2026-04-22 01:09:44',0),(39,'student28','e10adc3949ba59abbe56e057f20f883e','潘浩然','110101200502021234','S20250002','计算机学院','软件工程','软工2501',0,'student','15100000028','student28@campus.edu.cn',NULL,1,'2026-04-22 01:09:44','2026-04-22 01:09:44',0),(40,'student29','e10adc3949ba59abbe56e057f20f883e','田梦瑶','110101200503031234','S20250003','计算机学院','人工智能','智科2501',0,'student','15100000029','student29@campus.edu.cn',NULL,1,'2026-04-22 01:09:44','2026-04-22 01:09:44',0),(41,'student30','e10adc3949ba59abbe56e057f20f883e','余天佑','110101200504041234','S20250004','外语学院','英语','英语2501',0,'student','15100000030','student30@campus.edu.cn',NULL,1,'2026-04-22 01:09:44','2026-04-22 01:09:44',0);
/*!40000 ALTER TABLE `sys_user` ENABLE KEYS */;
UNLOCK TABLES;
/*!40103 SET TIME_ZONE=@OLD_TIME_ZONE */;

/*!40101 SET SQL_MODE=@OLD_SQL_MODE */;
/*!40014 SET FOREIGN_KEY_CHECKS=@OLD_FOREIGN_KEY_CHECKS */;
/*!40014 SET UNIQUE_CHECKS=@OLD_UNIQUE_CHECKS */;
/*!40101 SET CHARACTER_SET_CLIENT=@OLD_CHARACTER_SET_CLIENT */;
/*!40101 SET CHARACTER_SET_RESULTS=@OLD_CHARACTER_SET_RESULTS */;
/*!40101 SET COLLATION_CONNECTION=@OLD_COLLATION_CONNECTION */;
/*!40111 SET SQL_NOTES=@OLD_SQL_NOTES */;

